region,locality,Apartment,House
Brussels,ANDERLECHT,250777.99610894942,449751.3661202186
Brussels,AUDERGHEM,395061.1570247934,541705.8823529412
Brussels,BERCHEM-SAINTE-AGATHE,279413.829787234,504097.0588235294
Brussels,BRUXELLES,336236.3434343434,524821.5189873418
Brussels,ETTERBEEK,371040.37267080747,578771.4285714285
Brussels,EVERE,295491.1416309013,497625.0
Brussels,FOREST,307649.17689530685,512634.6153846154
Brussels,GANSHOREN,243100.82474226804,486571.38095238095
Brussels,IXELLES,425523.0414746544,662603.448275862
Brussels,JETTE,250758.6387434555,487418.26923076925
Brussels,KOEKELBERG,269679.38144329895,405916.6666666667
Brussels,MOLENBEEK-SAINT-JEAN,248439.8014354067,441409.0909090909
Brussels,NEDER-OVER-HEEMBEEK,290064.0,514811.1111111111
Brussels,SAINT-GILLES,336629.38064516126,609591.8367346938
Brussels,SAINT-JOSSE-TEN-NOODE,270992.0634920635,411650.0
Brussels,SCHAERBEEK,299714.0558139535,532000.0
Brussels,UCCLE,418794.4145299145,603480.1881188119
Brussels,WATERMAEL-BOITSFORT,384946.4285714286,614971.4285714285
Brussels,WOLUWE-SAINT-LAMBERT,392933.4591439689,630023.2558139535
Brussels,WOLUWE-SAINT-PIERRE,462309.49720670393,607552.0833333334
Flanders,AARSCHOT,344148.7272727273,396189.73214285716
Flanders,AARTSELAAR,295060.0,519282.4666666667
Flanders,AFFLIGEM,225072.72727272726,448291.6590909091
Flanders,ALKEN,286809.5238095238,361038.46153846156
Flanders,ANTWERPEN,343782.4420677362,465900.28662420384
Flanders,ARENDONK,258000.0,402864.05263157893
Flanders,AS,287000.0,348333.3333333333
Flanders,ASSE,300620.63333333336,475691.80821917806
Flanders,ATTENHOVEN,,336500.0
Flanders,AVERBODE,352000.0,348488.3548387097
Flanders,BAARLE-HERTOG,250000.0,555000.0
Flanders,BALEN,288017.4285714286,400327.77142857143
Flanders,BEERSE,359800.0,436483.60655737703
Flanders,BEERSEL,225615.38461538462,503566.97959183675
Flanders,BEERT,,380000.0
Flanders,BEGIJNENDIJK,338712.5,439343.85294117645
Flanders,BEIGEM,,529348.3333333334
Flanders,BEKKEVOORT,,421245.1666666667
Flanders,BERCHEM,323943.9937106918,524592.4528301887
Flanders,BERENDRECHT,366142.85714285716,406547.61904761905
Flanders,BERINGEN,284313.9285714286,384327.68032786885
Flanders,BERLAAR,303023.8095238095,414813.14634146343
Flanders,BERTEM,373500.0,523481.48148148146
Flanders,BEVER,,380171.0833333333
Flanders,BIERBEEK,432145.71428571426,472310.8695652174
Flanders,BILZEN,351695.5106382979,385949.6956521739
Flanders,BILZEN-HOESELT,,475000.0
Flanders,BOCHOLT,345036.48148148146,280800.0
Flanders,BOECHOUT,367312.5,519990.36666666664
Flanders,BONHEIDEN,403700.0,519122.85714285716
Flanders,BOOISCHOT,303428.5714285714,409187.3703703704
Flanders,BOOM,275576.0,306452.8095238095
Flanders,BOORTMEERBEEK,434461.53846153844,501635.13513513515
Flanders,BORGERHOUT,238129.4871794872,399388.8888888889
Flanders,BORGLOON,278918.1666666667,347998.7083333333
Flanders,BORNEM,304723.21428571426,404964.55263157893
Flanders,BORSBEEK,269581.08108108107,451533.3333333333
Flanders,BOUTERSEM,,474669.2380952381
Flanders,BRASSCHAAT,382587.5,565152.479338843
Flanders,BRECHT,401909.0909090909,513367.0517241379
Flanders,BREE,321000.0,399813.06666666665
Flanders,DESSEL,269100.0,361107.53125
Flanders,DEURNE,234142.86092715233,375581.0606060606
Flanders,DIEPENBEEK,303981.6818181818,434842.1052631579
Flanders,DIEST,283970.1754385965,359209.8360655738
Flanders,DILBEEK,342328.62903225806,516311.26277372264
Flanders,DILSEN-STOKKEM,293572.6666666667,364956.85714285716
Flanders,DROGENBOS,322428.5714285714,486158.3333333333
Flanders,DUFFEL,278820.0,463441.3333333333
Flanders,DURAS,,377000.0
Flanders,DWORP,542500.0,505055.55555555556
Flanders,EDEGEM,342266.9431818182,524749.8157894737
Flanders,EKEREN,269150.9433962264,422781.53846153844
Flanders,ERPS-KWERPS,326666.6666666667,530858.5652173914
Flanders,ESSEN,274444.44444444444,414379.0
Flanders,EVERBERG,275000.0,546347.8260869565
Flanders,FOURON-LE-COMTE,,317000.0
Flanders,GALMAARDEN,,416715.35555555555
Flanders,GEEL,288505.6296296296,395983.1089108911
Flanders,GEETBETS,235000.0,395727.2727272727
Flanders,GENK,285150.05154639174,346408.9552238806
Flanders,GINGELOM,309000.0,300074.62686567166
Flanders,GLABBEEK,367714.28571428574,421631.5789473684
Flanders,GOOIK,400058.85714285716,434028.5714285714
Flanders,GRIMBERGEN,254714.2857142857,480727.98148148146
Flanders,GROBBENDONK,280721.04,441329.2571428571
Flanders,GROBBENDONK BOUWEL,,370000.0
Flanders,HAACHT,431357.07692307694,448194.5254237288
Flanders,HAASRODE,426729.1666666667,544245.0
Flanders,HALEN,279333.3333333333,385292.44444444444
Flanders,HALLE,299778.4810126582,416179.4160583942
Flanders,HAM,255138.92307692306,347250.0
Flanders,HAMONT-ACHEL,,482437.5
Flanders,HASSELT,332565.22105263156,428992.0588235294
Flanders,HECHTEL-EKSEL,305345.2,427125.0
Flanders,HEERS,294500.0,275908.6956521739
Flanders,HEFFEN,399900.0,556166.6666666666
Flanders,HEIST-OP-DEN-BERG,396323.2,486419.1818181818
Flanders,HEMIKSEM,270542.6923076923,349558.1395348837
Flanders,HERENT,347187.5,497911.725
Flanders,HERENTALS,298289.27536231885,388898.84523809527
Flanders,HERENTHOUT,308400.0,382906.25
Flanders,HERK-DE-STAD,517000.0,401527.8333333333
Flanders,HERNE,199000.0,426908.4
Flanders,HERSELT,357336.6666666667,364476.8805970149
Flanders,HERSTAPPE,,700000.0
Flanders,HEUSDEN-ZOLDER,276862.30555555556,348492.5833333333
Flanders,HOBOKEN,234486.08910891088,354162.962962963
Flanders,HOEGAARDEN,357090.9090909091,359269.23076923075
Flanders,HOEILAART,392000.0,576148.4
Flanders,HOELEDEN,,404500.0
Flanders,HOESELT,327333.3333333333,359344.6666666667
Flanders,HOFSTADE,285000.0,540500.0
Flanders,HOLSBEEK,325000.0,516260.8695652174
Flanders,HOMBEEK,,449616.55555555556
Flanders,HOOGSTRATEN,403114.84375,544793.9024390244
Flanders,HOUTHALEN-HELCHTEREN,251014.02173913043,305090.1639344262
Flanders,HOVE,424223.07692307694,538930.5238095238
Flanders,HUIZINGEN,235000.0,451555.55555555556
Flanders,HULDENBERG,319000.0,492363.63636363635
Flanders,HULSHOUT,282087.5,406430.60714285716
Flanders,HUMBEEK,,529897.8125
Flanders,ITEGEM,298000.0,428856.8620689655
Flanders,KALMTHOUT,413000.0,502179.8095238095
Flanders,KAMPENHOUT,367187.5,540734.8214285715
Flanders,KAPELLE-OP-DEN-BOS,337428.5714285714,425363.63636363635
Flanders,KAPELLEN,369977.2727272727,461865.4871794872
Flanders,KASTERLEE,356522.5862068966,459447.325
Flanders,KEERBERGEN,402272.1818181818,545292.716981132
Flanders,KERSBEEK-MISKOM,,544500.0
Flanders,KINROOI,365745.2,390686.39285714284
Flanders,KONTICH,312728.5714285714,460516.9491525424
Flanders,KORTENAKEN,,369791.8846153846
Flanders,KORTENBERG,361607.6923076923,532101.6153846154
Flanders,KORTESSEM,309380.75,368406.25
Flanders,KRAAINEM,429176.4705882353,576125.0
Flanders,LAAKDAL,254994.44444444444,338121.60655737703
Flanders,LANAKEN,315576.4705882353,420056.86363636365
Flanders,LANDEN,262323.125,307151.92307692306
Flanders,LANGDORP,,388050.75
Flanders,LEEFDAAL,442837.5,537606.0555555555
Flanders,LENNIK,440370.875,509391.4285714286
Flanders,LEOPOLDSBURG,259842.83050847458,344667.14814814815
Flanders,LEUVEN,290379.41612200433,505778.4625
Flanders,LIEDEKERKE,312363.63636363635,379861.21428571426
Flanders,LIER,343987.7105263158,386416.536
Flanders,LILLE,338881.06666666665,478143.29411764705
Flanders,LINKEBEEK,269444.44444444444,597906.25
Flanders,LINT,275204.54545454547,488833.3333333333
Flanders,LINTER,255000.0,328154.5945945946
Flanders,LOMMEL,340650.8108108108,415211.73529411765
Flanders,LONDERZEEL,289357.14285714284,431066.0
Flanders,LOT,318816.6666666667,455836.1111111111
Flanders,LUBBEEK,382864.9130434783,509542.85714285716
Flanders,LUMMEN,310666.6666666667,367442.2075471698
Flanders,MAASEIK,347889.962962963,379146.0
Flanders,MAASMECHELEN,264705.0,347220.9696969697
Flanders,MACHELEN,294728.6060606061,473685.71428571426
Flanders,MALLE,338467.85714285716,472932.0333333333
Flanders,MECHELEN,369371.06395348837,433795.703539823
Flanders,MEENSEL-KIEZEGEM,,442898.6
Flanders,MEERHOUT,307900.0,324469.51219512196
Flanders,MEISE,419538.46153846156,573228.8181818182
Flanders,MERCHTEM,333618.7962962963,496604.2173913043
Flanders,MERKSEM,224311.37724550898,389527.1842105263
Flanders,MERKSPLAS,333666.6666666667,368000.0
Flanders,MOL,285786.3218390805,364294.4864864865
Flanders,MOLENBEEK-WERSBEEK,,381355.0
Flanders,MORTSEL,305797.74496644293,462955.1724137931
Flanders,NIEL,275295.45454545453,335713.9534883721
Flanders,NIEUWERKERKEN,199000.0,330782.3793103448
Flanders,NIJLEN,297629.1666666667,400241.7294117647
Flanders,OLEN,351812.5,416744.48148148146
Flanders,ONZE-LIEVE-VROUW-WAVER,269500.0,600000.0
Flanders,OPGLABBEEK,325000.0,420040.0
Flanders,OPWIJK,329625.0,457972.6865671642
Flanders,OUD-HEVERLEE,329333.3333333333,429653.8461538461
Flanders,OUD-TURNHOUT,314754.2413793103,444846.1538461539
Flanders,OUDSBERGEN,,426340.6666666667
Flanders,OVERIJSE,345181.8181818182,535238.0952380953
Flanders,PAJOTTEGEM,339000.0,412000.0
Flanders,PEER,299202.0833333333,353391.90476190473
Flanders,PELLENBERG,339000.0,606925.7777777778
Flanders,PELT,311174.0333333333,407158.82352941175
Flanders,PEPINGEN,,488142.4
Flanders,POPPEL,445666.6666666667,491000.0
Flanders,PULDERBOS,292333.3333333333,659833.3333333334
Flanders,PULLE,233083.33333333334,415285.5714285714
Flanders,PUTTE,358370.21428571426,463000.1666666667
Flanders,PUURS,304846.9347826087,442065.953125
Flanders,RANST,343982.04761904763,466925.92452830187
Flanders,RAVELS,293083.3333333333,489933.67741935485
Flanders,REKEM,,181200.0
Flanders,RETIE,323000.0,487533.2727272727
Flanders,RHODE-SAINT-GENÈSE,419025.0,529000.0
Flanders,RIEMST,291000.0,338860.4166666667
Flanders,RIJKEVORSEL,379735.0588235294,411676.4705882353
Flanders,RILLAAR,225000.0,367441.17647058825
Flanders,ROOSDAAL,330867.54545454547,438573.08510638296
Flanders,ROTSELAAR,328733.3333333333,428686.0
Flanders,RUMST,311893.8181818182,388493.7111111111
Flanders,SCHELLE,335154.5833333333,371996.4285714286
Flanders,SCHERPENHEUVEL,338000.0,355494.6666666667
Flanders,SCHERPENHEUVEL-ZICHEM TESTELT,324652.1304347826,388236.84210526315
Flanders,SCHILDE,455462.3611111111,579342.1052631579
Flanders,SCHOTEN,342374.59375,471366.1538461539
Flanders,SCHRIEK,294666.6666666667,433307.6923076923
Flanders,SINT-AMANDS,294434.7826086957,438640.3103448276
Flanders,SINT-JORIS-WEERT,365000.0,487000.0
Flanders,SINT-KATELIJNE-WAVER,289233.3333333333,481469.2653061224
Flanders,SINT-PIETERS-LEEUW,279102.68292682926,430005.9875
Flanders,SINT-STEVENS-WOLUWE,292807.6923076923,542071.4285714285
Flanders,SINT-TRUIDEN,285574.02352941176,364001.56737588655
Flanders,STABROEK,262700.0,428840.74074074073
Flanders,STEENOKKERZEEL,331100.0,486428.02777777775
Flanders,STERREBEEK,359500.0,563043.380952381
Flanders,STROMBEEK-BEVER,267324.3243243243,492095.2380952381
Flanders,TERNAT,274250.0,466635.0263157895
Flanders,TERVUREN,451285.71428571426,524116.4666666667
Flanders,TESSENDERLO,314378.4166666667,405159.23529411765
Flanders,TEUVEN,,410000.0
Flanders,TIELT-WINGE,336938.1538461539,431543.847826087
Flanders,TIENEN,255942.1875,351359.44202898553
Flanders,TONGEREN,290586.5833333333,329556.4646464646
Flanders,TREMELO,345615.7894736842,440992.9024390244
Flanders,TURNHOUT,283279.20547945204,354356.0714285714
Flanders,VAALBEEK,,595000.0
Flanders,VELM,149000.0,331857.14285714284
Flanders,VILVOORDE,342662.02459016396,447447.44680851063
Flanders,VLEZENBEEK,247000.0,511600.0
Flanders,VLIERMAALROOT,,259833.33333333334
Flanders,VOEREN,174000.0,333300.0
Flanders,VORSELAAR,264896.0,410506.3846153846
Flanders,VOSSELAAR,354426.4705882353,510472.0
Flanders,WELLEN,280857.14285714284,416619.5625
Flanders,WEMMEL,278333.3333333333,515639.21428571426
Flanders,WESTERLO,315551.724137931,411376.60655737703
Flanders,WEZEMBEEK-OPPEM,435043.47826086957,612264.7058823529
Flanders,WIJGMAAL,,426069.9
Flanders,WIJNEGEM,319071.4285714286,479760.8695652174
Flanders,WILLEBROEK,296231.65034965036,409047.6956521739
Flanders,WILRIJK,279305.29411764705,430392.7710843373
Flanders,WOLVERTEM,338900.0,497852.3157894737
Flanders,WOMMELGEM,301125.0,451870.8333333333
Flanders,WUUSTWEZEL,264000.0,424232.88
Flanders,ZANDHOVEN,366500.0,525173.44
Flanders,ZAVENTEM,315874.44444444444,516770.0363636364
Flanders,ZELLIK,238265.48979591837,549620.6896551724
Flanders,ZEMST,453294.6666666667,486180.39215686277
Flanders,ZOERSEL,319654.54545454547,533401.0909090909
Flanders,ZONHOVEN,387855.36363636365,431063.25
Flanders,ZOUTLEEUW,387000.0,298125.5319148936
Flanders,ZUTENDAAL,,372437.1875
Flanders,ZWIJNDRECHT,283046.5625,399804.59420289856
Unknown,AALBEKE,239000.0,391172.0833333333
Unknown,AALST,281326.1524163569,353160.1033434651
Unknown,AALST MOORSEL,260333.33333333334,419566.5306122449
Unknown,AALTER,336738.8888888889,449738.6603773585
Unknown,ADEGEM,301875.0,411698.5625
Unknown,ALVERINGEM,256987.33333333334,264608.6956521739
Unknown,ANZEGEM,273867.64285714284,409522.4186046512
Unknown,ARDOOIE,323266.6666666667,345568.7878787879
Unknown,ASPELARE,,456054.25
Unknown,ASSENEDE,358777.77777777775,384740.35
Unknown,AVELGEM,320890.0,344114.5853658537
Unknown,BAVIKHOVE,275500.0,350951.6923076923
Unknown,BEERNEM,290400.0,436264.70588235295
Unknown,BELLEM,399500.0,506000.0
Unknown,BELSELE,400000.0,454493.73913043475
Unknown,BERLARE,286096.0,425064.0
Unknown,BEVEREN,317043.96,411750.3333333333
Unknown,BEVEREN-LEIE,,306052.63157894736
Unknown,BLANKENBERGE,287579.44444444444,371848.0
Unknown,BOEKHOUTE,339750.0,259272.72727272726
Unknown,BOEZINGE,,247000.0
Unknown,BRAKEL,216966.66666666666,337388.20588235295
Unknown,BREDENE,274888.6956521739,355800.3846153846
Unknown,BRUGGE,322870.75786163524,427409.1839762611
Unknown,BUGGENHOUT,291524.3076923077,396046.2686567164
Unknown,DAMME,384421.05263157893,505947.58
Unknown,DE HAAN,262746.9387755102,440460.97101449274
Unknown,DE PANNE,278964.606741573,384202.81333333335
Unknown,DE PINTE,385000.0,505379.65
Unknown,DEERLIJK,276188.5111111111,398175.3012048193
Unknown,DEINZE,329372.72033898305,440783.1612903226
Unknown,DENDERLEEUW,295244.94444444444,356547.8125
Unknown,DENDERMONDE,268598.59523809527,382457.4603174603
Unknown,DENTERGEM,317000.0,415609.02702702704
Unknown,DESSELGEM,281441.3333333333,402925.30303030304
Unknown,DESTELBERGEN,361129.6296296296,441960.4081632653
Unknown,DEURLE,,464500.0
Unknown,DIKSMUIDE,271161.98039215687,341215.68131868134
Unknown,DRONGEN,251171.14285714287,438388.4
Unknown,EEKLO,249318.94805194804,318891.56451612903
Unknown,ELVERDINGE,,248414.2857142857
Unknown,ERPE-MERE,295187.5,375671.1235955056
Unknown,EVERGEM,348960.4285714286,433955.07446808513
Unknown,GAVERE,367295.5882352941,434797.98360655736
Unknown,GENT,365802.31173380034,420083.59359605913
Unknown,GERAARDSBERGEN,272810.8333333333,322249.5
Unknown,GISTEL,285323.5294117647,380195.8039215686
Unknown,HAALTERT,293815.7894736842,389177.829787234
Unknown,HAMME,305315.7894736842,356437.59523809527
Unknown,HARELBEKE,297822.0684931507,305649.15
Unknown,HEESTERT,332500.0,464333.3333333333
Unknown,HEIST-AAN-ZEE,405856.25,502394.7368421053
Unknown,HERZELE,310625.0,380480.7833333333
Unknown,HEULE,309245.0,314415.5205479452
Unknown,HEUVELLAND,,264000.0
Unknown,HOOGLEDE,290227.2727272727,361141.0350877193
Unknown,HOREBEKE,,357158.75
Unknown,HOUTHULST,262320.0,315924.3043478261
Unknown,ICHTEGEM,244681.81818181818,344895.3333333333
Unknown,IDDERGEM,337477.77777777775,277074.3333333333
Unknown,IEPER,269233.1176470588,330850.2075471698
Unknown,INGELMUNSTER,335804.96774193546,347598.4561403509
Unknown,IZEGEM,228248.679245283,288256.79738562094
Unknown,JABBEKE,241200.0,468120.2156862745
Unknown,KAPRIJKE,260000.0,345700.0
Unknown,KEMMEL,,222000.0
Unknown,KERKSKEN,319000.0,403333.3333333333
Unknown,KIELDRECHT,301875.0,390500.0
Unknown,KLUISBERGEN,290700.0,286000.0
Unknown,KNESSELARE,212909.0909090909,386485.9583333333
Unknown,KNOKKE-HEIST,568197.2039473684,626112.9032258064
Unknown,KOEKELARE,312392.28571428574,295644.5681818182
Unknown,KOKSIJDE,354414.8416886543,459986.0297029703
Unknown,KOOLSKAMP,,363216.77777777775
Unknown,KORTEMARK,318476.78571428574,319987.4905660377
Unknown,KORTRIJK,293014.36559139786,332955.4278074866
Unknown,KRUIBEKE,294520.0,339281.1964285714
Unknown,KRUISEM,306468.75,366200.0
Unknown,KUURNE,245000.0,314945.0588235294
Unknown,LAARNE,333875.0,466841.17647058825
Unknown,LANGEMARK-POELKAPELLE,298000.0,341937.4736842105
Unknown,LEBBEKE,324407.2727272727,377297.2948717949
Unknown,LEDE,272815.45454545453,402823.9428571428
Unknown,LEDEGEM,295000.0,317387.5
Unknown,LEFFINGE,334333.3333333333,311359.0909090909
Unknown,LEMBEKE,348200.0,433454.54545454547
Unknown,LENDELEDE,249200.0,386631.5789473684
Unknown,LICHTERVELDE,278966.6666666667,382140.74074074073
Unknown,LIERDE,305316.6666666667,454483.175
Unknown,LIEVEGEM,321765.35,428380.28125
Unknown,LO-RENINGE,280000.0,297136.36363636365
Unknown,LOCHRISTI,361285.62264150946,462222.9701492537
Unknown,LOKEREN,292732.5061728395,399751.14705882355
Unknown,MAARKEDAL,,461473.6842105263
Unknown,MAARKEDAL SCHORISSE,,670000.0
Unknown,MALDEGEM,283674.89361702127,433262.6756756757
Unknown,MARIAKERKE,352333.3333333333,442617.64705882355
Unknown,MARKE,431375.0,349350.65753424657
Unknown,MEERBEKE,297250.0,314176.4705882353
Unknown,MELLE,459294.1176470588,482612.26086956525
Unknown,MENEN,283738.2,283497.10778443114
Unknown,MERELBEKE,413186.828125,464815.0909090909
Unknown,MERENDREE,353800.0,513902.4736842105
Unknown,MESEN,,242868.75
Unknown,MEULEBEKE,281930.0,376191.9104477612
Unknown,MIDDELBURG,,555000.0
Unknown,MIDDELKERKE,265150.23796791444,353062.25581395347
Unknown,MOEN,,317093.75
Unknown,MOERBEKE,365744.44444444444,400693.8965517241
Unknown,MOORSLEDE,233077.5,304352.9411764706
Unknown,NAZARETH,355750.0,428735.85714285716
Unknown,NIEUWKERKE,,301612.5
Unknown,NIEUWPOORT,371690.85877862596,397822.38372093026
Unknown,NINOVE,296605.1875,366953.8031496063
Unknown,NINOVE POLLARE,,199000.0
Unknown,OOSTAKKER,334260.0,398239.65853658534
Unknown,OOSTENDE,291466.3646907217,358430.73451327434
Unknown,OOSTERZELE,569000.0,460163.04285714286
Unknown,OOSTKAMP,246384.61538461538,408401.76744186046
Unknown,OOSTROZEBEKE,185000.0,366834.40625
Unknown,OTEGEM,206000.0,379125.0
Unknown,OUDENAARDE,309650.5909090909,372673.5483870968
Unknown,OUDENBURG,336898.3333333333,419476.6857142857
Unknown,OUTRIJVE,,484244.75
Unknown,PITTEM,254666.66666666666,327434.4827586207
Unknown,POPERINGE,295793.14705882355,350785.04347826086
Unknown,ROESBRUGGE-HARINGE,,272100.3333333333
Unknown,ROESELARE,243110.35146443514,326657.463878327
Unknown,RONSE,307371.6666666667,292262.2156862745
Unknown,RUISELEDE,275500.0,335347.0588235294
Unknown,SINAAI,334527.77777777775,394861.1111111111
Unknown,SINT-AMANDSBERG,291619.04761904763,383438.8548387097
Unknown,SINT-DENIJS,,208477.5
Unknown,SINT-DENIJS-WESTREM,327591.54929577466,534657.5
Unknown,SINT-ELOOIS-VIJVE,285083.3333333333,371860.4285714286
Unknown,SINT-GILLIS-WAAS,320333.3333333333,383886.3650793651
Unknown,SINT-LAUREINS,341857.14285714284,477479.17391304346
Unknown,SINT-LIEVENS-HOUTEM,247980.0,395660.4666666667
Unknown,SINT-MARTENS-LATEM,460000.0,600571.4285714285
Unknown,SINT-NIKLAAS,266377.4484848485,364185.5706806283
Unknown,SPIERE-HELKIJN,,299757.35714285716
Unknown,STADEN,250139.58333333334,287365.625
Unknown,STEKENE,335423.8095238095,364493.24675324676
Unknown,TEMSE,305201.8961038961,361041.3604651163
Unknown,TIEGEM,292500.0,441600.0
Unknown,TIELT (8700),289969.9142857143,382083.3521126761
Unknown,TORHOUT,237309.52380952382,330309.8656716418
Unknown,VEURNE,320864.8048780488,373791.87234042556
Unknown,VLAMERTINGE,270000.0,332250.0
Unknown,VLETEREN,282500.0,358755.8823529412
Unknown,WAASMUNSTER,396500.0,462687.07692307694
Unknown,WACHTEBEKE,265687.5,395204.70967741933
Unknown,WANNEGEM-LEDE,,695000.0
Unknown,WAREGEM,328793.75,384145.5975609756
Unknown,WATERVLIET,,478981.375
Unknown,WATOU,,202300.0
Unknown,WERVIK,261714.2857142857,266560.85714285716
Unknown,WESTENDE,241894.47674418605,330343.3076923077
Unknown,WESTOUTER,193675.0,320100.0
Unknown,WETTEREN,292794.23076923075,346965.584
Unknown,WEVELGEM,228093.8775510204,317457.4855072464
Unknown,WICHELEN,326056.125,358437.74418604653
Unknown,WIELSBEKE,280679.1666666667,391279.24590163934
Unknown,WIJTSCHATE,,266488.3333333333
Unknown,WINGENE,267946.0,444642.07547169813
Unknown,WONDELGEM,354649.8780487805,452584.8333333333
Unknown,WORTEGEM-PETEGEM,278708.0,363823.5294117647
Unknown,ZEDELGEM,323324.51666666666,355696.74074074073
Unknown,ZEEBRUGGE,292264.19101123593,366126.3157894737
Unknown,ZELE,289166.6666666667,362150.4166666667
Unknown,ZELZATE,310484.64705882355,338716.95652173914
Unknown,ZILLEBEKE,,283928.5714285714
Unknown,ZINGEM,377500.0,383781.1379310345
Unknown,ZOMERGEM,369500.0,414625.0
Unknown,ZONNEBEKE,344884.6666666667,418464.4705882353
Unknown,ZOTTEGEM,287250.0,389956.70454545453
Unknown,ZUIENKERKE,269333.3333333333,442841.3333333333
Unknown,ZULTE,328294.0,415090.63636363635
Unknown,ZWALM,,436142.9761904762
Unknown,ZWEVEGEM,323645.2388059702,352225.46
Unknown,ZWIJNAARDE,434271.05,491341.875
Wallonia,AGIMONT,,203785.7142857143
Wallonia,AISEAU-PRESLES,146333.33333333334,300477.4693877551
Wallonia,AMAY,155000.0,258860.875
Wallonia,AMBLÈVE,,379375.0
Wallonia,ANDENNE,241573.27397260274,284749.98214285716
Wallonia,ANDERLUES,215324.83333333334,245326.5892857143
Wallonia,ANDRIMONT,209477.8,207700.0
Wallonia,ANGLEUR,254200.0,282237.475
Wallonia,ANHÉE,166750.0,327740.4117647059
Wallonia,ANS,226767.06976744186,265647.3076923077
Wallonia,ANTHISNES,260000.0,298661.92307692306
Wallonia,ANTHÉE,,235000.0
Wallonia,ANTOING,165000.0,208857.2142857143
Wallonia,ANVAING,220000.0,253528.77777777778
Wallonia,ARGENTEAU,,475348.8333333333
Wallonia,ARLON,267902.30630630633,408627.6595744681
Wallonia,ARQUENNES,240000.0,300636.36363636365
Wallonia,ASSESSE,399000.0,436750.0
Wallonia,ASSESSE COURRIÈRE,,365000.0
Wallonia,ATH,227568.18181818182,303758.875
Wallonia,ATHUS,238875.0,296785.71428571426
Wallonia,ATTERT,216000.0,519659.0909090909
Wallonia,AUBANGE,244049.4642857143,440633.3
Wallonia,AUBEL,379666.6666666667,480196.46153846156
Wallonia,AUDREGNIES,184285.7142857143,205000.0
Wallonia,AWANS,292833.3333333333,326468.75
Wallonia,AYWAILLE,270937.5,288663.7068965517
Wallonia,BAELEN,237583.33333333334,313579.1538461539
Wallonia,BAILEUX,,245566.66666666666
Wallonia,BANDE,,238750.0
Wallonia,BARZIN,,282650.0
Wallonia,BASSENGE,207142.85714285713,281447.36842105264
Wallonia,BASTOGNE,259485.29411764705,342000.0
Wallonia,BASÈCLES,,270173.36842105264
Wallonia,BAUDOUR,199998.88888888888,243178.57142857142
Wallonia,BAULERS,,425000.0
Wallonia,BEAUFAYS,351181.8181818182,451478.26086956525
Wallonia,BEAUMONT,,303528.2173913043
Wallonia,BEAURAING,133400.0,270239.72222222225
Wallonia,BEAUVECHAIN,263000.0,415137.9310344828
Wallonia,BEAUWELZ,,178750.0
Wallonia,BEHO,,519000.0
Wallonia,BELGRADE,245468.6,383592.4
Wallonia,BELOEIL,182500.0,244812.5
Wallonia,BERLOZ,246250.0,298087.0
Wallonia,BERNISSART,,215928.57142857142
Wallonia,BERTOGNE,183333.33333333334,448250.0
Wallonia,BERTRIX,194644.44444444444,263089.28571428574
Wallonia,BEYNE-HEUSAY,308333.3333333333,301992.170212766
Wallonia,BIERCÉE,,512500.0
Wallonia,BIERGES,332000.0,463230.76923076925
Wallonia,BIESME-SOUS-THUIN,,250000.0
Wallonia,BILSTAIN,350000.0,225000.0
Wallonia,BINCHE,196646.76,238289.40476190476
Wallonia,BIZET,,163500.0
Wallonia,BIÈVRE,,300575.0
Wallonia,BLAIMONT,,84842.1052631579
Wallonia,BLANDAIN,,397761.8
Wallonia,BLATON,174142.85714285713,251052.63157894736
Wallonia,BLICQUY,,269000.0
Wallonia,BLÉGNY,263930.0,354515.1515151515
Wallonia,BOLLAND,,565000.0
Wallonia,BON-SECOURS,90666.66666666667,222375.0
Wallonia,BONNERUE,,388000.0
Wallonia,BOUGE,191500.0,452428.5714285714
Wallonia,BOUILLON,185000.0,297160.4651162791
Wallonia,BOUSSU,188250.0,181872.5483870968
Wallonia,BRAINE-L'ALLEUD,338438.27160493826,472237.0860927152
Wallonia,BRAINE-LE-CHÂTEAU,303250.0,410588.03125
Wallonia,BRAINE-LE-COMTE,232656.15384615384,338674.4262295082
Wallonia,BRAIVES,,327648.6785714286
Wallonia,BRASMENIL,,282100.0
Wallonia,BRUGELETTE,,317791.55555555556
Wallonia,BRUNEHAUT,,292311.76470588235
Wallonia,BRUNEHAUT LESDAIN,,399404.5
Wallonia,BRUYELLE,,296333.3333333333
Wallonia,BRYE,,495000.0
Wallonia,BULLANGE,,360295.1
Wallonia,BURDINNE,,404019.25
Wallonia,BURG-REULAND,,351763.125
Wallonia,BURY,,212500.0
Wallonia,BUTGENBACH,326250.0,350857.8
Wallonia,BUVRINNES,,303625.0
Wallonia,BÉCLERS,,313333.3333333333
Wallonia,CALONNE,,269000.0
Wallonia,CARNIÈRES,106200.0,220774.75
Wallonia,CELLES,255772.75,357269.6
Wallonia,CERFONTAINE,280000.0,235526.31578947368
Wallonia,CHANLY,,364000.0
Wallonia,CHANTEMELLE,,347500.0
Wallonia,CHAPELLE-LEZ-HERLAIMONT,221400.0,234222.8431372549
Wallonia,CHARLEROI,153562.4625,289392.4574468085
Wallonia,CHARNEUX,,391600.0
Wallonia,CHASTRE,195000.0,371288.3846153846
Wallonia,CHAUDFONTAINE,187964.2857142857,227711.76470588235
Wallonia,CHAUMONT-GISTOUX,491190.6896551724,573754.375
Wallonia,CHERATTE,139750.0,273180.78571428574
Wallonia,CHERCQ,226000.0,
Wallonia,CHIMAY,315170.5882352941,203178.57142857142
Wallonia,CHINY,208500.0,369894.7368421053
Wallonia,CHIÈVRES,,279942.95
Wallonia,CHÂTELET,158146.07692307694,229596.66917293234
Wallonia,CINEY,268893.6790123457,310538.1794871795
Wallonia,CIPLY,170000.0,205703.66666666666
Wallonia,CLAVIER,249000.0,295352.28571428574
Wallonia,COLFONTAINE,156666.66666666666,143045.82352941178
Wallonia,COMBLAIN-AU-PONT,149500.0,240439.95833333334
Wallonia,COMINES,400116.0,274490.9090909091
Wallonia,CORBION,,235000.0
Wallonia,COUILLET,169786.66666666666,181931.20833333334
Wallonia,COURCELLES,143285.7142857143,222752.64864864864
Wallonia,COURT-SAINT-ETIENNE,372252.0,431916.60714285716
Wallonia,COUVIN,120000.0,253068.5185185185
Wallonia,CRISNÉE,295150.0,423250.0
Wallonia,CRUPET,,297499.5
Wallonia,CUESMES,,194750.0
Wallonia,CÉREXHE-HEUSEUX,,376666.3333333333
Wallonia,DALHEM,335000.0,330000.0
Wallonia,DAMPREMY,105966.66666666667,143180.90476190476
Wallonia,DAVERDISSE,,328062.5
Wallonia,DEUX-ACREN,220000.0,336143.7368421053
Wallonia,DINANT,181730.76923076922,262140.0
Wallonia,DISON,167700.0,225812.5
Wallonia,DOHAN,,288333.3333333333
Wallonia,DOISCHE,,269825.0
Wallonia,DONCEEL,291000.0,313952.6666666667
Wallonia,DOTTIGNIES,180928.57142857142,370423.07692307694
Wallonia,DOUR,153571.42857142858,175872.15189873418
Wallonia,DURBUY,278204.1666666667,324830.9075630252
Wallonia,EGHEZÉE,328312.5,384238.09523809527
Wallonia,ELLEZELLES,354666.6666666667,390888.95652173914
Wallonia,EMBOURG,214812.5,431362.0689655172
Wallonia,ENGHIEN,206895.11111111112,382284.6379310345
Wallonia,ENGIS,192255.125,264860.3157894737
Wallonia,EREZÉE,,280819.88
Wallonia,ERMETON-SUR-BIERT,,321333.3333333333
Wallonia,ERPENT,359500.0,334371.0714285714
Wallonia,ERPION,,165000.0
Wallonia,ERQUELINNES,115000.0,203713.51351351352
Wallonia,ERQUENNES,117583.33333333333,266459.1458333333
Wallonia,ESNEUX,209268.75,336988.63636363635
Wallonia,ESPLECHIN,,229000.0
Wallonia,ESTAIMPUIS,134640.0,347021.9879518072
Wallonia,ESTINNES,,305548.3870967742
Wallonia,ETALLE,280000.0,538333.3333333334
Wallonia,EUPEN,291634.07692307694,347145.85714285716
Wallonia,EYNATTEN,295000.0,299000.0
Wallonia,FAIMES,,438212.05555555556
Wallonia,FARCIENNES,,238992.23076923078
Wallonia,FAUVILLERS,,371992.85714285716
Wallonia,FERNELMONT,325125.0,362033.94736842107
Wallonia,FERRIÈRES,179000.0,323024.3043478261
Wallonia,FEXHE-LE-HAUT-CLOCHER,243333.33333333334,282750.0
Wallonia,FILOT,,356695.6666666667
Wallonia,FLEURUS,150941.17647058822,229151.90384615384
Wallonia,FLOREFFE,266800.0,392300.0
Wallonia,FLORENNES,154333.33333333334,266782.0714285714
Wallonia,FLORENVILLE,175000.0,298581.8181818182
Wallonia,FLÉMALLE,218593.75,236472.24324324325
Wallonia,FLÉRON,226684.2105263158,296323.9130434783
Wallonia,FONTAINE-L'ÉVÊQUE,187142.85714285713,249292.44444444444
Wallonia,FORCHIES-LA-MARCHE,120000.0,183871.17857142858
Wallonia,FOSSES-LA-VILLE,287714.28571428574,334274.8076923077
Wallonia,FRAMERIES,176066.66666666666,177703.92682926828
Wallonia,FRASNES-LEZ-BUISSENAL,235000.0,388437.6111111111
Wallonia,FROIDCHAPELLE,,258735.29411764705
Wallonia,FROIDFONTAINE,,248000.0
Wallonia,FROIDMONT,,276269.6666666667
Wallonia,FROYENNES,,397000.0
Wallonia,GAURAIN-RAMECROIX,179000.0,302871.1666666667
Wallonia,GEDINNE,,276981.70967741933
Wallonia,GEER,,345396.1538461539
Wallonia,GELBRESSÉE,,389166.6666666667
Wallonia,GEMBLOUX,311624.93548387097,403413.04347826086
Wallonia,GENAPPE,285577.77777777775,425582.85714285716
Wallonia,GENVAL,355615.3846153846,515558.82352941175
Wallonia,GERPINNES,350666.6666666667,308104.775
Wallonia,GESVES,251428.57142857142,400431.0344827586
Wallonia,GHLIN,182000.0,232143.6875
Wallonia,GHOY,,335800.0
Wallonia,GIBECQ,,235000.0
Wallonia,GILLY,145536.36363636365,179429.1012658228
Wallonia,GIVRY,175000.0,217333.33333333334
Wallonia,GOSSELIES,169357.14285714287,200376.45098039217
Wallonia,GOUVY,240000.0,401470.5882352941
Wallonia,GOUY-LEZ-PIÉTON,,198533.33333333334
Wallonia,GOZÉE,162666.33333333334,364990.0
Wallonia,GOÉ,,310000.0
Wallonia,GRAND-HALLEUX,,337379.8333333333
Wallonia,GRAND-LEEZ,250000.0,384666.6666666667
Wallonia,GREZ-DOICEAU,251400.0,483795.29411764705
Wallonia,GRUNE,,135000.0
Wallonia,GRÂCE-HOLLOGNE,241496.15384615384,244218.07228915664
Wallonia,GUELFF (HABERGY),,320000.0
Wallonia,HABAY,,418428.5714285714
Wallonia,HABAY-LA-NEUVE,274764.1,428824.4090909091
Wallonia,HABAY-LA-VIEILLE,,475000.0
Wallonia,HACCOURT,195833.33333333334,278375.0
Wallonia,HAILLOT,,366666.6666666667
Wallonia,HALANZY,243428.57142857142,317055.55555555556
Wallonia,HAM-SUR-HEURE-NALINNES,230530.76923076922,338912.7837837838
Wallonia,HAMOIR,174000.0,284912.47826086957
Wallonia,HAMOIS,185000.0,368105.375
Wallonia,HANNUT,276360.0714285714,343690.98529411765
Wallonia,HASTIÈRE,142500.0,185745.83333333334
Wallonia,HAUSET,422200.0,553750.0
Wallonia,HAUT-ITTRE,,510000.0
Wallonia,HAUTRAGE,,239555.55555555556
Wallonia,HAVELANGE,,263650.0
Wallonia,HAVELANGE MÉAN,,439000.0
Wallonia,HAVINNES,210000.0,321033.5
Wallonia,HAVRÉ,159499.75,236207.14285714287
Wallonia,HENRI-CHAPELLE,229000.0,
Wallonia,HENSIES,70000.0,213764.70588235295
Wallonia,HERBEUMONT,,285142.85714285716
Wallonia,HERMALLE-SOUS-ARGENTEAU,379087.5,367214.28571428574
Wallonia,HERSEAUX,202000.0,263370.0
Wallonia,HERSTAL,199114.5625,232584.47154471546
Wallonia,HERVE,240319.16666666666,334723.4074074074
Wallonia,HEURE-LE-ROMAIN,372500.0,377679.5625
Wallonia,HEUSY,293264.51612903224,419729.6842105263
Wallonia,HIVES,,125000.0
Wallonia,HODEIGE,,212250.0
Wallonia,HOGNOUL,,382750.0
Wallonia,HOMBOURG,,287500.0
Wallonia,HORNU,49666.666666666664,192233.79166666666
Wallonia,HOTTON,155750.0,292727.2727272727
Wallonia,HOUFFALIZE,260000.0,380631.5789473684
Wallonia,HOUR,,305000.0
Wallonia,HOUTAIN-LE-VAL,257500.0,225000.0
Wallonia,HOUYET,,292982.7586206897
Wallonia,"HOUYET, WANLIN",,241500.0
Wallonia,HUY,201689.5,247952.4655172414
Wallonia,HYON,272000.0,284166.6666666667
Wallonia,HÉLÉCINE,235500.0,347218.75
Wallonia,HÉRINNES-LEZ-PECQ,,322783.2
Wallonia,HÉRON,,307810.0
Wallonia,INCOURT,210000.0,450677.6666666667
Wallonia,IRCHONWELZ,170000.0,380000.0
Wallonia,ITTRE,268500.0,416196.8
Wallonia,JALHAY,321857.14285714284,374444.44444444444
Wallonia,JAMBES,312734.6153846154,393824.4528301887
Wallonia,JEMAPPES,176857.14285714287,156106.3829787234
Wallonia,JEMEPPE-SUR-MEUSE,183772.72727272726,220655.76923076922
Wallonia,JEMEPPE-SUR-SAMBRE,181433.0,281737.2786885246
Wallonia,JODOIGNE,223868.42105263157,370105.5573770492
Wallonia,JUMET,119857.14285714286,227066.75510204083
Wallonia,JUPRELLE,284300.4583333333,349636.51612903224
Wallonia,JURBISE,217555.55555555556,369489.125
Wallonia,KAIN,199000.0,352976.73076923075
Wallonia,KELMIS HERGENRATH,202214.2857142857,569333.3333333334
Wallonia,LA BRUYÈRE,,415363.63636363635
Wallonia,LA CALAMINE,91800.0,253600.0
Wallonia,LA GLANERIE,,378000.0
Wallonia,LA HULPE,360857.0714285714,494173.03846153844
Wallonia,LA LOUVIÈRE,176507.95192307694,240030.0671641791
Wallonia,LA ROCHE-EN-ARDENNE,89000.0,291125.0
Wallonia,"LA ROCHE-EN-ARDENNE, HALLEUX",,415000.0
Wallonia,LACUISINE (FLORENVILLE),,185000.0
Wallonia,LANDELIES,,280750.0
Wallonia,LAPLAIGNE,,196000.0
Wallonia,LASNE,350284.6666666667,539352.9411764706
Wallonia,LATOUR,125000.0,287500.0
Wallonia,LE ROEULX,267784.125,285527.77777777775
Wallonia,LEERNES,,238474.75
Wallonia,LENS,163857.14285714287,286226.29411764705
Wallonia,LES BONS VILLERS,211333.33333333334,365058.3870967742
Wallonia,LES BULLES,,265000.0
Wallonia,LESSINES,214714.2857142857,229116.05357142858
Wallonia,LEUZE-EN-HAINAUT,184650.0,318648.14814814815
Wallonia,LEVAL-TRAHEGNIES,183333.16666666666,234118.41818181818
Wallonia,LIBIN,249900.0,384090.9090909091
Wallonia,LIBRAMONT-CHEVIGNY,221933.33333333334,346576.74418604653
Wallonia,LIERNEUX,,284640.0
Wallonia,LIERS,339000.0,391413.25
Wallonia,LIGNE,,273584.4166666667
Wallonia,LILLOIS-WITTERZÉE,307500.0,508153.8461538461
Wallonia,LIMBOURG,179500.0,258437.5
Wallonia,LINCENT,196250.0,384157.45454545453
Wallonia,LIÈGE,242538.97301587302,287913.734870317
Wallonia,LOBBES,185000.0,340917.28571428574
Wallonia,LOBBES SARSLA-BUISSIÈRE,,383455.25
Wallonia,LODELINSART,151250.0,201905.9393939394
Wallonia,LOMMERSWEILER,,192000.0
Wallonia,LONCIN,337000.0,436931.44444444444
Wallonia,LONTZEN,261320.0,399200.125
Wallonia,LOUVEIGNÉ,261056.625,458723.71428571426
Wallonia,LUTTRE,,281712.5
Wallonia,LÉGLISE,271566.6666666667,331172.7272727273
Wallonia,MACON,,157000.0
Wallonia,MACQUENOISE,,90000.0
Wallonia,MAFFE,,390000.0
Wallonia,MAFFLE,,314000.0
Wallonia,MAGNÉE,142000.0,299000.0
Wallonia,MAISSIN,,229400.0
Wallonia,MALMEDY,194644.0588235294,330224.1379310345
Wallonia,MALONNE,250923.07692307694,378289.4310344828
Wallonia,MANAGE,157100.0,253292.85869565216
Wallonia,MANHAY,126500.0,388422.44444444444
Wallonia,MARCHE-EN-FAMENNE,254657.07407407407,323234.7843137255
Wallonia,MARCHIENNE-AU-PONT,119799.6,165464.15789473685
Wallonia,MARCHIN,89000.0,323013.4516129032
Wallonia,MARCINELLE,144562.16216216216,220364.22857142857
Wallonia,MARTELANGE,235000.0,264268.1818181818
Wallonia,MEIX-DEVANT-VIRTON,179000.0,284281.25
Wallonia,MELLET,,298333.3333333333
Wallonia,MERBES-LE-CHÂTEAU,,261999.9375
Wallonia,MESSANCY,262625.0,454147.76
Wallonia,METTET,254444.44444444444,342454.54545454547
Wallonia,METTET STAVE,,349999.0
Wallonia,MODAVE,219000.0,348333.63157894736
Wallonia,MOMIGNIES,,263571.4285714286
Wallonia,MONCEAU-IMBRECHIES,,210000.0
Wallonia,MONCEAU-SUR-SAMBRE,64999.0,180691.30555555556
Wallonia,MONS,199754.5462184874,293817.3095238095
Wallonia,MONS SPIENNES,,500000.0
Wallonia,MONT-DE-L'ENCLUS,212450.0,380152.63157894736
Wallonia,MONT-SAINT-AUBERT,175000.0,405000.0
Wallonia,MONT-SAINT-GUIBERT,315944.44444444444,433740.0
Wallonia,MONT-SUR-MARCHIENNE,230200.0,249571.76923076922
Wallonia,MONTIGNIES-SUR-SAMBRE,122222.22222222222,191203.80392156861
Wallonia,MONTIGNY-LE-TILLEUL,189450.0,326111.1111111111
Wallonia,MONTLEBAN,,418333.3333333333
Wallonia,MORLANWELZ,187777.77777777778,228517.96
Wallonia,MOURCOURT,,474556.5
Wallonia,MOUSCRON,206613.84615384616,268381.96313364053
Wallonia,MUSSON,224200.0,321923.07692307694
Wallonia,NAAST,162500.0,322777.77777777775
Wallonia,NAMUR,213441.311827957,414008.0375
Wallonia,NANDRIN,365365.0,479387.0
Wallonia,NASSOGNE,103714.28571428571,273993.3333333333
Wallonia,NEERWAASTEN,,492000.0
Wallonia,NEUFCHÂTEAU,199628.57142857142,275773.6842105263
Wallonia,NEUFVILLES (SOIGNIES),,316060.9
Wallonia,NEUPRÉ,401509.44444444444,433440.96774193546
Wallonia,NISMES,,196556.0
Wallonia,NIVELLES,247159.35643564357,418252.2536231884
Wallonia,OBIGIES,,395000.0
Wallonia,OBOURG,241666.66666666666,288555.55555555556
Wallonia,OGY,,625000.0
Wallonia,OHEY,127666.66666666667,353256.9375
Wallonia,OLNE,,477818.1818181818
Wallonia,OMAL,,325000.0
Wallonia,ONHAYE SOMMIÈRE,,242000.0
Wallonia,ORCQ,,387000.0
Wallonia,OREYE,447000.0,327250.0
Wallonia,ORMEIGNIES,,170000.0
Wallonia,ORP-LE-GRAND,284608.9285714286,398553.8333333333
Wallonia,ORTHO,,291333.3333333333
Wallonia,OTTIGNIES-LOUVAIN-LA-NEUVE,318976.1746031746,439729.28571428574
Wallonia,OTTIGNIES-LOUVAIN-LA-NEUVE CÉROUX-MOUSTY,235000.0,375000.0
Wallonia,OUFFET,165000.0,298525.9285714286
Wallonia,OUGRÉE,120400.0,185762.55813953487
Wallonia,OUPEYE,267457.14285714284,351597.4038461539
Wallonia,PALISEUL,136500.0,201307.8947368421
Wallonia,PECQ,,317806.25
Wallonia,PEPINSTER,242214.2857142857,261138.88888888888
Wallonia,PERWEZ,246681.77272727274,367818.1176470588
Wallonia,PETIT-THIER,,307250.0
Wallonia,PHILIPPEVILLE,99000.0,227202.5641025641
Wallonia,PLOEGSTEERT,179000.0,234725.0
Wallonia,PLOMBIÈRES,219000.0,267420.0
Wallonia,PLOMBIÈRES MORESNET,369500.0,326678.2
Wallonia,PONDROME,,283600.0
Wallonia,PONT-À-CELLES,241955.9090909091,299224.5438596491
Wallonia,PROFONDEVILLE,220666.66666666666,405264.5581395349
Wallonia,PÉRUWELZ,137000.0,223709.2894736842
Wallonia,QUAREGNON,152000.0,160680.9365079365
Wallonia,QUEVAUCAMPS,217500.0,229263.93333333332
Wallonia,QUIÉVRAIN,164750.0,169205.88235294117
Wallonia,QUÉVY,299000.0,274475.1666666667
Wallonia,RAMILLIES,,400788.125
Wallonia,RANSART,194250.0,235625.8148148148
Wallonia,REBAIX,160000.0,282500.0
Wallonia,REBECQ,244607.14285714287,303079.26666666666
Wallonia,REMICOURT,199000.0,314783.5333333333
Wallonia,RENDEUX,129000.0,230818.18181818182
Wallonia,RETINNE,270000.0,325947.14285714284
Wallonia,RIXENSART,450307.35294117645,535476.1803278689
Wallonia,ROCHEFORT,230794.11764705883,271309.5238095238
Wallonia,ROMSÉE,266000.0,379307.21428571426
Wallonia,ROUVROY,,298250.0
Wallonia,ROUX,224500.0,179944.95
Wallonia,RUMES,,219000.0
Wallonia,RUMES TAINTIGNIES,,222666.66666666666
Wallonia,SAINT-AMAND,,335000.0
Wallonia,SAINT-ANDRÉ,290000.0,495000.0
Wallonia,SAINT-GEORGES-SUR-MEUSE,382250.0,287276.8857142857
Wallonia,SAINT-GHISLAIN,196642.85714285713,376444.44444444444
Wallonia,SAINT-HUBERT,191060.0,230883.46153846153
Wallonia,SAINT-LÉGER,268000.0,290928.5714285714
Wallonia,SAINT-MARC,,410000.0
Wallonia,SAINT-MARD,185000.0,275916.6666666667
Wallonia,SAINT-NICOLAS,191671.8,201736.44859813084
Wallonia,SAINT-REMY,227000.0,129000.0
Wallonia,SAINT-SAUVEUR,,273250.0
Wallonia,SAINT-SERVAIS,172161.25,310476.1904761905
Wallonia,SAINT-SYMPHORIEN,346000.0,341250.0
Wallonia,SAINT-VITH,387367.5,361200.0
Wallonia,SAINTE-ODE,,492700.0
Wallonia,SAMBREVILLE,181614.2380952381,253795.59829059828
Wallonia,SENEFFE,304818.1818181818,457560.5263157895
Wallonia,SEPTON,159000.0,
Wallonia,SERAING,219006.02739726027,213976.20388349515
Wallonia,SILLY,245409.0909090909,384293.8275862069
Wallonia,SIRAULT,95000.0,261353.4375
Wallonia,SIVRY-RANCE,95000.0,259863.95238095237
Wallonia,SOIGNIES,237938.46153846153,302824.406779661
Wallonia,SOIRON,,589000.0
Wallonia,SOMBREFFE,203000.0,330856.4166666667
Wallonia,SOMME-LEUZE,167000.0,312091.0303030303
Wallonia,SOUMAGNE,240593.75,331869.4074074074
Wallonia,SOUVRET,,208673.8
Wallonia,SPA,350584.7826086957,385246.96226415096
Wallonia,SPRIMONT,243750.0,290915.152173913
Wallonia,STAMBRUGES,,222166.66666666666
Wallonia,STAVELOT,186500.0,310120.7916666667
Wallonia,STEMBERT,164000.0,265228.8947368421
Wallonia,STOUMONT,204500.0,350171.5833333333
Wallonia,STRÉE,,278000.0
Wallonia,SÉLANGE,244000.0,185000.0
Wallonia,TAVIGNY,,340000.0
Wallonia,TELLIN,,247333.33333333334
Wallonia,TEMPLEUVE,,418277.77777777775
Wallonia,TENNEVILLE,241500.0,330222.22222222225
Wallonia,TERTRE,204587.0,192766.66666666666
Wallonia,THEUX,327857.14285714284,336339.28571428574
Wallonia,THIEUSIES,246000.0,531860.6666666666
Wallonia,THIMISTER-CLERMONT,393000.0,426400.0
Wallonia,THOMMEN,,432950.0
Wallonia,THUILLIES,,297599.6
Wallonia,THUIN,,300429.96428571426
Wallonia,THYNES,,329000.0
Wallonia,TINLOT,,413409.0
Wallonia,TINTIGNY,252000.0,387777.77777777775
Wallonia,TONGRE-NOTRE-DAME,,199000.0
Wallonia,TOURINNE (-LA-CHAUSSÉE),,235000.0
Wallonia,TOURNAI,265986.9513888889,320089.5833333333
Wallonia,TOURNAI BARRY,,317750.0
Wallonia,TOURNAI VAULX,370000.0,225000.0
Wallonia,TOURPES,,285666.6666666667
Wallonia,TRAZEGNIES,188000.0,202816.5
Wallonia,TROIS-PONTS,200000.0,241300.0
Wallonia,TROOZ,195700.0,232208.88888888888
Wallonia,TUBIZE,232473.2375,332378.43137254904
Wallonia,VANCE,,408333.3333333333
Wallonia,VAUX-SUR-SÛRE,222500.0,346980.0
Wallonia,VERLAINE,,380750.0
Wallonia,VERVIERS,198565.5737704918,267263.76470588235
Wallonia,VEZON,,306666.6666666667
Wallonia,VIELSALM,438277.77777777775,292878.7878787879
Wallonia,VIEUX-GENAPPE,320000.0,436000.0
Wallonia,VILLE-POMMEROEUL,,352500.0
Wallonia,VILLERS-LA-VILLE,311166.6666666667,432401.6440677966
Wallonia,VILLERS-LE-BOUILLET,185000.0,242032.70588235295
Wallonia,VILLERS-SAINT-GHISLAIN,262687.5,139500.0
Wallonia,VIRELLES,,160000.0
Wallonia,VIRTON,237166.66666666666,305170.73170731706
Wallonia,VISÉ,343044.0,336685.4166666667
Wallonia,VIVEGNIS,302000.0,276562.5
Wallonia,VLOESBERG,195000.0,357470.5882352941
Wallonia,VOTTEM,215400.0,272091.34146341466
Wallonia,VRESSE-SUR-SEMOIS,51000.0,246000.0
Wallonia,WAIMES,304118.75,362363.63636363635
Wallonia,WALCOURT,225357.14285714287,262443.7924528302
Wallonia,WALHAIN,245000.0,537090.9090909091
Wallonia,WANFERCÉE-BAULET,202000.0,264287.4583333333
Wallonia,WANNEBECQ,,263683.4
Wallonia,WANZE,217305.55555555556,321111.0232558139
Wallonia,WARCHIN,,215000.0
Wallonia,WAREMME,200050.0,315059.6666666667
Wallonia,WARSAGE,246500.0,357250.0
Wallonia,WASSEIGES,254000.0,361373.9
Wallonia,WATERLOO,384245.1219512195,536672.8971962617
Wallonia,WAUDREZ,,285000.0
Wallonia,WAVRE,306872.2631578947,473823.00884955755
Wallonia,WELKENRAEDT,307683.3333333333,348873.4
Wallonia,WELLIN,152450.0,228513.88888888888
Wallonia,WIBRIN,,350000.0
Wallonia,WIERS,,221806.07692307694
Wallonia,WILLEMEAU,,239500.0
Wallonia,XHENDELESSE,,482500.0
Wallonia,YVOIR,198454.54545454544,336810.08108108107
Wallonia,ÉCAUSSINNES,253870.08333333334,341281.1111111111
